{
    "PSPL_no_blend_no_piE": {
        "t0_par": 0.0,
        "t0": 2457721.356,
        "t0_error": 0.289,
        "u0": 0.96011,
        "u0_error": 0.00696,
        "tE": 79.61,
        "tE_error": 0.381,
        "fsource_OGLE_I": 96754.78018,
        "fsource_OGLE_I_error": 10.9287,
        "fsource_OGLE_I_mag": 14.936,
        "fsource_OGLE_I_mag_error": 0.0,
        "chi2": 3068.489,
        "source_magnitude": 14.936,
        "source_mag_error": 0.0,
        "baseline_magnitude": 14.936,
        "baseline_mag_error": 0.0,
        "red_chi2": 1.105,
        "sw_test": 0.997,
        "ad_test": 2.377,
        "ks_test": 0.028,
        "aic_test": 3076.489,
        "bic_test": 3100.21
    },
    "PSPL_blend_no_piE": {
        "t0_par": 0.0,
        "t0": 2457721.453,
        "t0_error": 0.29,
        "u0": 0.58404,
        "u0_error": 0.05244,
        "tE": 102.487,
        "tE_error": 4.381,
        "fsource_OGLE_I": 42939.01794,
        "fsource_OGLE_I_error": 5388.51472,
        "fsource_OGLE_I_mag": 15.818,
        "fsource_OGLE_I_mag_error": 0.136,
        "ftotal_OGLE_I": 96742.67172,
        "ftotal_OGLE_I_error": 11.25045,
        "ftotal_OGLE_I_mag": 14.936,
        "ftotal_OGLE_I_mag_error": 0.0,
        "chi2": 3039.984,
        "fblend_OGLE_I": 53803.65378,
        "fblend_OGLE_I_error": 5388.5264646544965,
        "fblend_OGLE_I_mag": 15.573,
        "fblend_OGLE_I_mag_error": 0.109,
        "source_magnitude": 15.818,
        "source_mag_error": 0.136,
        "blend_magnitude": 15.573,
        "blend_mag_error": 0.109,
        "baseline_magnitude": 14.936,
        "baseline_mag_error": 0.0,
        "red_chi2": 1.095,
        "sw_test": 0.997,
        "ad_test": 2.303,
        "ks_test": 0.028,
        "aic_test": 3049.984,
        "bic_test": 3079.635
    },
    "PSPL_blend_piE_p": {
        "t0_par": 2457721,
        "t0": 2457711.424,
        "t0_error": 1.821,
        "u0": 0.16154,
        "u0_error": 0.01795,
        "tE": 362.226,
        "tE_error": 44.558,
        "piEN": -0.055,
        "piEN_error": 0.0126,
        "piEE": -0.10406,
        "piEE_error": 0.00637,
        "fsource_OGLE_I": 6138.11661,
        "fsource_OGLE_I_error": 900.02372,
        "fsource_OGLE_I_mag": 17.93,
        "fsource_OGLE_I_mag_error": 0.159,
        "ftotal_OGLE_I": 96708.16523,
        "ftotal_OGLE_I_error": 12.91969,
        "ftotal_OGLE_I_mag": 14.936,
        "ftotal_OGLE_I_mag_error": 0.0,
        "chi2": 2904.533,
        "fblend_OGLE_I": 90570.04862,
        "fblend_OGLE_I_error": 900.1164452182476,
        "fblend_OGLE_I_mag": 15.008,
        "fblend_OGLE_I_mag_error": 0.011,
        "source_magnitude": 17.93,
        "source_mag_error": 0.159,
        "blend_magnitude": 15.008,
        "blend_mag_error": 0.011,
        "baseline_magnitude": 14.936,
        "baseline_mag_error": 0.0,
        "red_chi2": 1.047,
        "sw_test": 0.997,
        "ad_test": 1.474,
        "ks_test": 0.021,
        "aic_test": 2918.533,
        "bic_test": 2960.044
    },
    "PSPL_blend_piE_n": {
        "t0_par": 2457711,
        "t0": 2457714.803,
        "t0_error": 1.433,
        "u0": -0.13619,
        "u0_error": 0.00824,
        "tE": 311.128,
        "tE_error": 27.602,
        "piEN": 0.16809,
        "piEN_error": 0.02109,
        "piEE": -0.04218,
        "piEE_error": 0.01714,
        "fsource_OGLE_I": 5641.40985,
        "fsource_OGLE_I_error": 515.97372,
        "fsource_OGLE_I_mag": 18.022,
        "fsource_OGLE_I_mag_error": 0.099,
        "ftotal_OGLE_I": 96707.96859,
        "ftotal_OGLE_I_error": 12.27589,
        "ftotal_OGLE_I_mag": 14.936,
        "ftotal_OGLE_I_mag_error": 0.0,
        "chi2": 2896.058,
        "fblend_OGLE_I": 91066.55874000001,
        "fblend_OGLE_I_error": 516.1197314634759,
        "fblend_OGLE_I_mag": 15.002,
        "fblend_OGLE_I_mag_error": 0.006,
        "source_magnitude": 18.022,
        "source_mag_error": 0.099,
        "blend_magnitude": 15.002,
        "blend_mag_error": 0.006,
        "baseline_magnitude": 14.936,
        "baseline_mag_error": 0.0,
        "red_chi2": 1.044,
        "sw_test": 0.997,
        "ad_test": 1.497,
        "ks_test": 0.018,
        "aic_test": 2910.058,
        "bic_test": 2951.569
    }
}